[
  {
    "model": "user.userprofile",
    "pk": 1,
    "fields": {
      "developer": true,
      "is_verified": true,
      "last_otp_for_time": null,
      "otp_secret": null,
      "user": 2
    }
  },
  {
    "model": "user.userprofile",
    "pk": 2,
    "fields": {
      "developer": false,
      "is_verified": true,
      "last_otp_for_time": null,
      "otp_secret": null,
      "user": 3
    }
  },
  {
    "model": "user.userprofile",
    "pk": 3,
    "fields": {
      "developer": false,
      "is_verified": true,
      "last_otp_for_time": null,
      "otp_secret": null,
      "user": 4
    }
  },
  {
    "model": "user.userprofile",
    "pk": 4,
    "fields": {
      "developer": true,
      "is_verified": true,
      "last_otp_for_time": null,
      "otp_secret": null,
      "user": 5
    }
  },
  {
    "model": "user.userprofile",
    "pk": 5,
    "fields": {
      "developer": false,
      "is_verified": true,
      "last_otp_for_time": null,
      "otp_secret": null,
      "user": 6
    }
  },
  {
    "model": "user.userprofile",
    "pk": 6,
    "fields": {
      "developer": false,
      "is_verified": true,
      "last_otp_for_time": null,
      "otp_secret": null,
      "user": 7
    }
  },
  {
    "model": "user.userprofile",
    "pk": 7,
    "fields": {
      "developer": false,
      "is_verified": true,
      "last_otp_for_time": null,
      "otp_secret": null,
      "user": 8
    }
  },
  {
    "model": "user.userprofile",
    "pk": 8,
    "fields": {
      "developer": false,
      "is_verified": true,
      "last_otp_for_time": null,
      "otp_secret": null,
      "user": 9
    }
  },
  {
    "model": "user.userprofile",
    "pk": 9,
    "fields": {
      "developer": false,
      "is_verified": true,
      "last_otp_for_time": null,
      "otp_secret": null,
      "user": 10
    }
  },
  {
    "model": "user.userprofile",
    "pk": 10,
    "fields": {
      "developer": false,
      "is_verified": true,
      "last_otp_for_time": null,
      "otp_secret": null,
      "user": 11
    }
  },
  {
    "model": "user.userprofile",
    "pk": 11,
    "fields": {
      "developer": false,
      "is_verified": true,
      "last_otp_for_time": null,
      "otp_secret": null,
      "user": 12
    }
  },
  {
    "model": "user.userprofile",
    "pk": 12,
    "fields": {
      "developer": false,
      "is_verified": true,
      "last_otp_for_time": null,
      "otp_secret": null,
      "user": 13
    }
  },
  {
    "model": "user.userprofile",
    "pk": 13,
    "fields": {
      "developer": false,
      "is_verified": true,
      "last_otp_for_time": null,
      "otp_secret": null,
      "user": 14
    }
  },
  {
    "model": "user.userprofile",
    "pk": 14,
    "fields": {
      "developer": false,
      "is_verified": true,
      "last_otp_for_time": null,
      "otp_secret": null,
      "user": 15
    }
  },
  {
    "model": "user.userprofile",
    "pk": 15,
    "fields": {
      "developer": false,
      "is_verified": true,
      "last_otp_for_time": null,
      "otp_secret": null,
      "user": 16
    }
  },
  {
    "model": "user.userprofile",
    "pk": 16,
    "fields": {
      "developer": false,
      "is_verified": true,
      "last_otp_for_time": null,
      "otp_secret": null,
      "user": 17
    }
  },
  {
    "model": "user.userprofile",
    "pk": 17,
    "fields": {
      "developer": false,
      "is_verified": true,
      "last_otp_for_time": null,
      "otp_secret": null,
      "user": 18
    }
  },
  {
    "model": "user.userprofile",
    "pk": 18,
    "fields": {
      "developer": false,
      "is_verified": true,
      "last_otp_for_time": null,
      "otp_secret": null,
      "user": 19
    }
  },
  {
    "model": "user.userprofile",
    "pk": 19,
    "fields": {
      "developer": false,
      "is_verified": true,
      "last_otp_for_time": null,
      "otp_secret": null,
      "user": 20
    }
  },
  {
    "model": "user.userprofile",
    "pk": 20,
    "fields": {
      "developer": false,
      "is_verified": true,
      "last_otp_for_time": null,
      "otp_secret": null,
      "user": 1
    }
  },
  {
    "model": "user.userprofile",
    "pk": 21,
    "fields": {
      "developer": false,
      "is_verified": false,
      "last_otp_for_time": null,
      "otp_secret": null,
      "user": 21
    }
  },
  {
    "model": "user.school",
    "pk": 1,
    "fields": {
      "_name_enc": "ZmFrZV9lbmM6OZ5fpw/7lnlu6VCmZ1D9j/ypiKMWMpPS4xgpUVojgcT7kmoAI8VUeao08V7yLsHnE+SyTew=",
      "_name_hash": "6cb001965f12442bfcf1a8d9ecf5e31c6b2687bd5d05190cf56ecf648d9684f6",
      "country": "GB",
      "county": "nan",
      "creation_time": null,
      "dek": "ZmFrZV9lbmM6+bOK8/jOfj3VDE4HWSqQTMr9+j/QCITdy63oBgTo7tLAfLBvdQBtdP9NkAe1hRpvA8yHhxE9Wd+nBwvh",
      "is_active": true
    }
  },
  {
    "model": "user.teacher",
    "pk": 1,
    "fields": {
      "blocked_time": null,
      "invited_by": null,
      "is_admin": true,
      "new_user": 2,
      "school": 1,
      "user": 1
    }
  },
  {
    "model": "user.teacher",
    "pk": 2,
    "fields": {
      "blocked_time": null,
      "invited_by": null,
      "is_admin": false,
      "new_user": 3,
      "school": 1,
      "user": 2
    }
  },
  {
    "model": "user.teacher",
    "pk": 3,
    "fields": {
      "blocked_time": null,
      "invited_by": null,
      "is_admin": true,
      "new_user": 4,
      "school": 1,
      "user": 3
    }
  },
  {
    "model": "user.teacher",
    "pk": 4,
    "fields": {
      "blocked_time": null,
      "invited_by": null,
      "is_admin": true,
      "new_user": 1,
      "school": 1,
      "user": 20
    }
  },
  {
    "model": "user.class",
    "pk": 1,
    "fields": {
      "_access_code_enc": "ZmFrZV9lbmM6yepC98pMREdly4JPlDeSOnh4SE5txcFKptSmTM+RP03F",
      "_access_code_hash": "7dcbfe80fd523896acdad8310fe14d804dad5ae7e4dc4975815f3d5ff76aa963",
      "_name_enc": "ZmFrZV9lbmM6rfVJBo3PCRlQYodcqpqSFxZp7dYSoex1a8m6nuPs+pP1xkSkBg==",
      "_name_hash": "d8857e685fc7cd512c000209b05e67d4c2341f7770e93671adafdcdc332b21e7",
      "accept_requests_until": null,
      "always_accept_requests": true,
      "classmates_data_viewable": true,
      "created_by": null,
      "creation_time": null,
      "is_active": true,
      "teacher": 1
    }
  },
  {
    "model": "user.class",
    "pk": 2,
    "fields": {
      "_access_code_enc": "ZmFrZV9lbmM633mwB2JzuTaoAcD+HEj6ZQUYY9ZM2Ch0gwrBtbawUJce",
      "_access_code_hash": "ee16d5af3f31578ab0327da3257b212fe2beefcadef4f6b8ad6c992d153b90aa",
      "_name_enc": "ZmFrZV9lbmM6q8B+3LwD7ohrKPUED05T82/7CtGc2VslUmlVOG7o9tba5SG+Ag==",
      "_name_hash": "20a84b82906c60b52b71aebab89320cefd1dc47e0f84861664f9e44d0f70d594",
      "accept_requests_until": null,
      "always_accept_requests": true,
      "classmates_data_viewable": true,
      "created_by": null,
      "creation_time": null,
      "is_active": true,
      "teacher": 2
    }
  },
  {
    "model": "user.class",
    "pk": 3,
    "fields": {
      "_access_code_enc": "ZmFrZV9lbmM6ZZ3FDZRvlw+E1lK4dxpki1idTSRAOt9hCFPUfcdeEmfm",
      "_access_code_hash": "a895a482b72ec418311b8a9677bcf2c690425993f563f58d4a15b9586753b88b",
      "_name_enc": "ZmFrZV9lbmM60/Rt59QRAWw4AcoT0nKDqrFm25OgmMhKElgPi2A/e2oTsy9ZZg==",
      "_name_hash": "39710c33747315c8c6de8a7d5af97872303081fb0093cdb363aa4180223ac4a2",
      "accept_requests_until": null,
      "always_accept_requests": true,
      "classmates_data_viewable": true,
      "created_by": null,
      "creation_time": null,
      "is_active": true,
      "teacher": 2
    }
  },
  {
    "model": "user.class",
    "pk": 4,
    "fields": {
      "_access_code_enc": "ZmFrZV9lbmM6lX8pCVUFOyvveBTehUr60jztsv49yrwUJTsZALhc2w89",
      "_access_code_hash": "38045227bf3c575c643dc1b34a1e70669f35b90225495bbeba0a53ae5ba82c81",
      "_name_enc": "ZmFrZV9lbmM61dGjSEe2fv5xma2w6WNAaxOJ4yJ28pd7TJkdh1eh9LqgDchS/3hDrY+j77I=",
      "_name_hash": "6a09152d3d184ca20ad7e3e2981761e8dd3747c93744591bd632843ce96f5e76",
      "accept_requests_until": null,
      "always_accept_requests": true,
      "classmates_data_viewable": true,
      "created_by": null,
      "creation_time": null,
      "is_active": true,
      "teacher": 3
    }
  },
  {
    "model": "user.class",
    "pk": 5,
    "fields": {
      "_access_code_enc": "ZmFrZV9lbmM6tmPl174+K04tllPCnHhyfux6Kw7XPt/dWsDEfr62yjHP",
      "_access_code_hash": "732f2cd0915bdea50771ce7c92a4e1b8ea83f6d3323b95dd07619e5ea7f0fd06",
      "_name_enc": "ZmFrZV9lbmM6SwqcaZ2noGygc4dHOKUsHTL7lWU79/WrqGgK9XqIgAUQjQmUpJZKLGE9nTHRxQ0=",
      "_name_hash": "d502bc6b827c3f1fe7f8f43cc431f672c3b4044ff17883f1e081e5ace66d39ee",
      "accept_requests_until": null,
      "always_accept_requests": true,
      "classmates_data_viewable": true,
      "created_by": null,
      "creation_time": null,
      "is_active": true,
      "teacher": 4
    }
  },
  {
    "model": "user.student",
    "pk": 1,
    "fields": {
      "blocked_time": null,
      "class_field": 1,
      "login_id": null,
      "new_user": 5,
      "pending_class_request": null,
      "user": 4
    }
  },
  {
    "model": "user.student",
    "pk": 2,
    "fields": {
      "blocked_time": null,
      "class_field": 1,
      "login_id": null,
      "new_user": 6,
      "pending_class_request": null,
      "user": 5
    }
  },
  {
    "model": "user.student",
    "pk": 3,
    "fields": {
      "blocked_time": null,
      "class_field": null,
      "login_id": null,
      "new_user": 7,
      "pending_class_request": null,
      "user": 6
    }
  },
  {
    "model": "user.student",
    "pk": 4,
    "fields": {
      "blocked_time": null,
      "class_field": 2,
      "login_id": null,
      "new_user": 8,
      "pending_class_request": null,
      "user": 7
    }
  },
  {
    "model": "user.student",
    "pk": 5,
    "fields": {
      "blocked_time": null,
      "class_field": 2,
      "login_id": null,
      "new_user": 9,
      "pending_class_request": null,
      "user": 8
    }
  },
  {
    "model": "user.student",
    "pk": 6,
    "fields": {
      "blocked_time": null,
      "class_field": 3,
      "login_id": null,
      "new_user": 10,
      "pending_class_request": null,
      "user": 9
    }
  },
  {
    "model": "user.student",
    "pk": 7,
    "fields": {
      "blocked_time": null,
      "class_field": null,
      "login_id": null,
      "new_user": 11,
      "pending_class_request": null,
      "user": 10
    }
  },
  {
    "model": "user.student",
    "pk": 8,
    "fields": {
      "blocked_time": null,
      "class_field": 4,
      "login_id": null,
      "new_user": 12,
      "pending_class_request": null,
      "user": 11
    }
  },
  {
    "model": "user.student",
    "pk": 9,
    "fields": {
      "blocked_time": null,
      "class_field": 4,
      "login_id": null,
      "new_user": 13,
      "pending_class_request": null,
      "user": 12
    }
  },
  {
    "model": "user.student",
    "pk": 10,
    "fields": {
      "blocked_time": null,
      "class_field": 4,
      "login_id": null,
      "new_user": 14,
      "pending_class_request": null,
      "user": 13
    }
  },
  {
    "model": "user.student",
    "pk": 11,
    "fields": {
      "blocked_time": null,
      "class_field": 4,
      "login_id": null,
      "new_user": 15,
      "pending_class_request": null,
      "user": 14
    }
  },
  {
    "model": "user.student",
    "pk": 12,
    "fields": {
      "blocked_time": null,
      "class_field": 4,
      "login_id": null,
      "new_user": 16,
      "pending_class_request": null,
      "user": 15
    }
  },
  {
    "model": "user.student",
    "pk": 13,
    "fields": {
      "blocked_time": null,
      "class_field": 4,
      "login_id": null,
      "new_user": 17,
      "pending_class_request": null,
      "user": 16
    }
  },
  {
    "model": "user.student",
    "pk": 14,
    "fields": {
      "blocked_time": null,
      "class_field": 4,
      "login_id": null,
      "new_user": 18,
      "pending_class_request": null,
      "user": 17
    }
  },
  {
    "model": "user.student",
    "pk": 15,
    "fields": {
      "blocked_time": null,
      "class_field": 4,
      "login_id": null,
      "new_user": 19,
      "pending_class_request": null,
      "user": 18
    }
  },
  {
    "model": "user.student",
    "pk": 16,
    "fields": {
      "blocked_time": null,
      "class_field": 5,
      "login_id": null,
      "new_user": 21,
      "pending_class_request": null,
      "user": 21
    }
  },
  {
    "model": "user.totalactivity",
    "pk": 1,
    "fields": {
      "anonymised_unverified_independents": 0,
      "anonymised_unverified_teachers": 0,
      "independent_registrations": 2,
      "student_registrations": 14,
      "teacher_registrations": 4
    }
  },
  {
    "model": "user.user",
    "pk": 1,
    "fields": {
      "_email_enc": "ZmFrZV9lbmM6dl/MQRUjrYLzJ8SGT14bzsvvpDfI00N7KlFT01peYBfPDY0mfBC3iT5Dj7hDmvX/yaUeY56NT20=",
      "_email_hash": "6229d653107a83cfe416912e62307e9b3bfa5185b06deb74db27576e291ba301",
      "_first_name_enc": "ZmFrZV9lbmM6ZPlIinlRmmI7yo7cj16Hxm4N1WVBWgTkcKwRvxvB3Jfjmg==",
      "_first_name_hash": "b2d8ed60f78679e18127a64fcb5df09083d9499b15a61cdea646b7cf8847f9c0",
      "_last_name_enc": "ZmFrZV9lbmM6aRN4l2rGBRhy1m+Qh2RWRvNmADOqa+g4Sn/eUOwvUULe",
      "_username_enc": "ZmFrZV9lbmM6W68OaTj6IrJ6dAduESf+9QJrchey291ox5c1UWYQxdiU2zCxNL54aG0oFKCTBZxBJM77J8bHIpk=",
      "_username_hash": "6229d653107a83cfe416912e62307e9b3bfa5185b06deb74db27576e291ba301",
      "date_joined": "2026-02-04T16:02:33.631Z",
      "dek": "ZmFrZV9lbmM6nS1csorNRFGQ3FknHozzLOObhQ/iXXf2hH92eeOBy8roL2HNlrK14npw6TYEV7VJpPVyXo17WZp/C6J+",
      "groups": [],
      "is_active": true,
      "is_staff": true,
      "is_superuser": true,
      "last_login": null,
      "password": "pbkdf2_sha256$1000000$y2lUeK8u5GnocWVuonlViT$TnNTL7sG9pcvz6MotXSSptrHdQzAFxmLnqNbj7syLS4=",
      "user_permissions": []
    }
  },
  {
    "model": "user.user",
    "pk": 2,
    "fields": {
      "_email_enc": "ZmFrZV9lbmM67sZxLliYMKm3uz98nOwt8214HZeWxLDLAiwm2MgLgBzkU4wxAvou4swZvmSm6kM8pnR5XxyuHXR5TA==",
      "_email_hash": "9cb6a6152b4d3dfbad65576fb4f6688b56d73cbc65b36b2a7fbb313a1352d3c4",
      "_first_name_enc": "ZmFrZV9lbmM6dygqD/GL7Zx+cDPU0dlncOJFQhUZrEJkEWlTHALit+s5Xg==",
      "_first_name_hash": "a28518a55f49b7810427f62b8cef8dcffde82aff3f8e16a17769f185caf8e11f",
      "_last_name_enc": "ZmFrZV9lbmM6AnE2DA2bdWH5SpZDB5F5PlypOzoZ07TeA2vLqfILyZbm9Y5c",
      "_username_enc": "ZmFrZV9lbmM6kEa5T9wBkXTu33fwbGtFe9rZz2whtqtE+NmBnapbN8aFySphoMJNKjgGIxm9kl1OlmbiYVDjcIQcyQ==",
      "_username_hash": "9cb6a6152b4d3dfbad65576fb4f6688b56d73cbc65b36b2a7fbb313a1352d3c4",
      "date_joined": "2026-02-04T16:02:34.051Z",
      "dek": "ZmFrZV9lbmM6BLODLjFqwOGQ2F1gfhBxUDu0x+ysKL/THNOI4YaJWkERqeJ176yQerprvm1m8/kUquwMqV56MMYOcJg+",
      "groups": [],
      "is_active": true,
      "is_staff": false,
      "is_superuser": false,
      "last_login": null,
      "password": "pbkdf2_sha256$1000000$IOkFLrqDnlDiEoASMl5OSY$C7gzJeOhwbfq/nJp47LaErHOxgA/3DIkaUI93ZUqauc=",
      "user_permissions": []
    }
  },
  {
    "model": "user.user",
    "pk": 3,
    "fields": {
      "_email_enc": "ZmFrZV9lbmM6kzvUIAUyszIHT6fIJ1fyXPwH+XJScZHIf7FU+g5WkdvRj07vlPDJFJKRzoEWiDQ3JTT0izE=",
      "_email_hash": "586984c6c88ed9d06cbb6d64e746ca1c7b71dc8782f68a075aece08fd2b5557a",
      "_first_name_enc": "ZmFrZV9lbmM6Ago4UQZ3oxNQyigyT60Lb+fyVC87pZtkjk1MpUf41Q==",
      "_first_name_hash": "dc9a9f8e2d48f4db615efe61ad4f04906e28c93e37d4cf0ab13f692bcb86dfb1",
      "_last_name_enc": "ZmFrZV9lbmM6ZdaW5MUAIckllddasnE72Xm6ZSxl9Z7lR3Hjyc8TDeeNhg==",
      "_username_enc": "ZmFrZV9lbmM6NdA7tbr7z1HLyLHeAH4ndHuTQjFHvhixbXqR2vU6ImdteCCd7aceSCjXXCn3U/1JPMnOWKo=",
      "_username_hash": "586984c6c88ed9d06cbb6d64e746ca1c7b71dc8782f68a075aece08fd2b5557a",
      "date_joined": "2026-02-04T16:02:34.252Z",
      "dek": "ZmFrZV9lbmM6V20JnUxKv0GdaX13KdF574HPbkmjD7RJj7/rFr4wQVtQfCIjK2MHcFryVDsMq2eIJ72uaxXc/1FFSkDp",
      "groups": [],
      "is_active": true,
      "is_staff": false,
      "is_superuser": false,
      "last_login": null,
      "password": "pbkdf2_sha256$1000000$QHwukC6Cv822F2nSjQjLu0$09yKE5c8mFVwIHS5BWccM+q33Rs6XSCcc5rik3RD7eY=",
      "user_permissions": []
    }
  },
  {
    "model": "user.user",
    "pk": 4,
    "fields": {
      "_email_enc": "ZmFrZV9lbmM6LwlZEk/dUtTEdlbhapucNrJocYIk9xPu5Y1NMg9hnmIndIj2+gvjuruwfVXOgGZbA6vQUw==",
      "_email_hash": "6df8a9b30d61359c2f434a45e881fd4461899af9f5df0e05fd15ba57e5885878",
      "_first_name_enc": "ZmFrZV9lbmM6MP5pw/kzO6fiWqUFK0ZxqwsWrY66EuDvC1jVIAtulw==",
      "_first_name_hash": "e46e1b8306b6d1c91eb05ee6dd95241517067d4a166b02e98f3148197340b542",
      "_last_name_enc": "ZmFrZV9lbmM6Jn1K31v4LzeQ/qZffGAGMZG0/J6biO5+Y1DEnEOI4CeK",
      "_username_enc": "ZmFrZV9lbmM69F34/PbRct5acqudNvNPo4mrJ5YZqvhfjDtKBrdAT/JR7XRfzfPE3dklvAmdu4uEOnIBZQ==",
      "_username_hash": "6df8a9b30d61359c2f434a45e881fd4461899af9f5df0e05fd15ba57e5885878",
      "date_joined": "2026-02-04T16:02:34.448Z",
      "dek": "ZmFrZV9lbmM6TcuSFYFFWC8rXPukd/0YiijU8IaKU4lHNAHMjD2eDz8ncLZsgebHW5bRnJAx+WvX8vZoCtlDPcHrEAuh",
      "groups": [],
      "is_active": true,
      "is_staff": false,
      "is_superuser": false,
      "last_login": null,
      "password": "pbkdf2_sha256$1000000$OcLHQ75ALkslmiUxFwe1Ft$7hpkII5kIi1lytO4PQ0p/6HdtT6//mPcZfZNjROXqrg=",
      "user_permissions": []
    }
  },
  {
    "model": "user.user",
    "pk": 5,
    "fields": {
      "_email_enc": "ZmFrZV9lbmM6btpo9a5rZlczOWXCdwHL5xOSQxCZc/emn8X0E7IcKyFF7C0VS6LmOVBYa/MqEmol91LPCDXB225KEmo=",
      "_email_hash": "55a63981ea426d7470560ecfaf3b53c5ecd90e036edd8eca2b1a33c84178908e",
      "_first_name_enc": "ZmFrZV9lbmM6ZT6hCR6NYDU208WG5Zt2Q18itxlQtSKfLZ/3c5K+bxRw43K6",
      "_first_name_hash": "858907074712f2743f5e3408525017a064aa8e717c4d47d913ff81c29ddde3c6",
      "_last_name_enc": "ZmFrZV9lbmM6Eiq20D36p1cMlSdqcy5Mtqq3hm22MTDChEcibQg985YsRXE=",
      "_username_enc": "ZmFrZV9lbmM6KUios32zumvdsLvZifvFVDEdGgpgw5dYlyh5EokO0X7851hQXMj1HPI8WoPePOtAQF+ZYLIv31AumHU=",
      "_username_hash": "55a63981ea426d7470560ecfaf3b53c5ecd90e036edd8eca2b1a33c84178908e",
      "date_joined": "2026-02-04T16:02:34.641Z",
      "dek": "ZmFrZV9lbmM6Muw/vyJnAHIelig6sSUZZCY8bk1SS5TCasFP5Sk7U8o5llwR60mq7jAJoLkVme26sZJ0ULm27NyLEvKm",
      "groups": [],
      "is_active": true,
      "is_staff": false,
      "is_superuser": false,
      "last_login": null,
      "password": "pbkdf2_sha256$1000000$6QiofvSo5LPJ0DlGshTh0h$XdFmFi/Al5vuhxw02nlZE/rUG8g2uHxFnHXs46XgT/c=",
      "user_permissions": []
    }
  },
  {
    "model": "user.user",
    "pk": 6,
    "fields": {
      "_email_enc": "ZmFrZV9lbmM65Pk8pnQv+HKcPHLwoXfdCg5l++CiG/neKwfiJtMFNQhqRVU7N4SrdhFq08gcZm19S/L4zYbSbXvLeg==",
      "_email_hash": "1c5f6e85fe62be2048d5a3867eff53db48f9bcd6da889b92e68668a4a464afd2",
      "_first_name_enc": "ZmFrZV9lbmM6FGiykuz+Sx8x0lgoaRGOOBtiL2fRSKJDSIMLZoxttrQl4fo=",
      "_first_name_hash": "3cf019416da72602544d0127b388fdd9c36e40bb648aab0e5f267b707d85b4ae",
      "_last_name_enc": "ZmFrZV9lbmM6zQGTj4h6SuBQ+GHF0VPEIZO+bu/PsWXhzhyuHeHIefBYmHE=",
      "_username_enc": "ZmFrZV9lbmM6Y4pOAxErjYVL1xULqX20AJveq6DGfsJqA6tQNtZdoOaeRFAwKUNvdCM/A/vm8LBq6uTpNLGUpudfOA==",
      "_username_hash": "1c5f6e85fe62be2048d5a3867eff53db48f9bcd6da889b92e68668a4a464afd2",
      "date_joined": "2026-02-04T16:02:34.839Z",
      "dek": "ZmFrZV9lbmM60JSmixBDvrfWaRyP8idNvMR78k1YyavGZ+lBOARPt05D1PqVrxAP+HK3qajPuD2iizikhEgSh6dF5iyb",
      "groups": [],
      "is_active": true,
      "is_staff": false,
      "is_superuser": false,
      "last_login": null,
      "password": "pbkdf2_sha256$1000000$HF1HBQVpMLdAuYb0vt55r1$gY3+SetJqidFfylntSqmmrtremtNk8QuGeAdlHNqD9A=",
      "user_permissions": []
    }
  },
  {
    "model": "user.user",
    "pk": 7,
    "fields": {
      "_email_enc": "ZmFrZV9lbmM6nE5NOakc9jQBJf7sLqY2uiRil9e9sUEShSNLiSoHg5FqK/CY2Do/sbV+1A6oxxB85d3HZuL+4Q==",
      "_email_hash": "4fc8d589140865b27bc27623cb547e2a24f9b985ab2e1dd0b5b5c035d367c4b6",
      "_first_name_enc": "ZmFrZV9lbmM6eCpZHFZkWzQ/hv8G9psJxOAqvezmqYDq0RSpDJlEptGK",
      "_first_name_hash": "81bdaa26501a8cb2ee69aec002df098c5025b75ae0494b4b9ff6ef003131a792",
      "_last_name_enc": "ZmFrZV9lbmM6xN/iK8bQby0voDF9a35nJ83At3HgLkGbAptBWLtTNtnZzg==",
      "_username_enc": "ZmFrZV9lbmM62SGXHdjBqA5Y+dD5VvE3AykKRYr7Rr6b+QvCaibuKwggnxtlx0AGgi1fNYQswsuoa3sskN5e3Q==",
      "_username_hash": "4fc8d589140865b27bc27623cb547e2a24f9b985ab2e1dd0b5b5c035d367c4b6",
      "date_joined": "2026-02-04T16:02:35.036Z",
      "dek": "ZmFrZV9lbmM6AgiWjZ7GQyBK5l4VurLVygmXkszQHL3kZhN33iYzyC1HMfWWMVI/ggxa+oNbq2olRmVHguF8uNzBvTo3",
      "groups": [],
      "is_active": true,
      "is_staff": false,
      "is_superuser": false,
      "last_login": null,
      "password": "pbkdf2_sha256$1000000$BUSt8V8F4DwWZPlCZeS1Sc$WMQElSAhvIE7LRHx6lwTde9YG5P74dc7Az+639AHdYc=",
      "user_permissions": []
    }
  },
  {
    "model": "user.user",
    "pk": 8,
    "fields": {
      "_email_enc": "ZmFrZV9lbmM6QTQVq47caqRoq8EK0uUN1ygFV+XvmYPEXq5onCbdj13XdI6DfrCAlx7W7gFAABbpkBCJhQYZ0cETjw==",
      "_email_hash": "6bd23daa66a426a27655016f084d3fa65a49e2e5d264701b6d84e550e415638d",
      "_first_name_enc": "ZmFrZV9lbmM6KD7poCabt24+OPDhCz9fiZcUqF+PrVEHoIT9gwFbShzh3JU=",
      "_first_name_hash": "4997281c5f1ee586af59704d9790c82ed1260e035073cbf05ba9ef24fea9f4d4",
      "_last_name_enc": "ZmFrZV9lbmM6JgmcA+18EuPfUeWJSuXju16Z0h+HDj9m/Xn51LaSe+Ef2TA=",
      "_username_enc": "ZmFrZV9lbmM6ahl5fcghPgCSSN8QVcwIyupa5kZvvO9vOiUoJdZRSUbB/aLgN2tPBaCA8QiR6/lkO2182l5Y/mr3Aw==",
      "_username_hash": "6bd23daa66a426a27655016f084d3fa65a49e2e5d264701b6d84e550e415638d",
      "date_joined": "2026-02-04T16:02:35.230Z",
      "dek": "ZmFrZV9lbmM67Iqyt69l+yrc2BMF1r5L+UE0BIUZ0HfFN3baguyKwLTeNtTFj1HOcVJAuFtoV+hvIT+1oY7x0Fqul03j",
      "groups": [],
      "is_active": true,
      "is_staff": false,
      "is_superuser": false,
      "last_login": null,
      "password": "pbkdf2_sha256$1000000$TaYcwU3iqPA4c4co14ZYHx$FAwypkSE7UucZod6BY/YY+A4zV4JbySNxDwd4ypOZT8=",
      "user_permissions": []
    }
  },
  {
    "model": "user.user",
    "pk": 9,
    "fields": {
      "_email_enc": "ZmFrZV9lbmM6kQeK+uVf0/b+O1SZqONvKrsfffa8C3pSKCQa6uyF1lPK6FwDVl2vQNCPL5ak/4+a7ja7A00S4i5lpJZr8g==",
      "_email_hash": "1ab9d2f1ae8ef6a5e99cee8948c326e3404aceb89b8d72215e297a1cfc8393a6",
      "_first_name_enc": "ZmFrZV9lbmM6ZVz+1VG3scf9MoEfVA/ShO5cJNBE9riNqQ/2I20l/OsroQMZrA==",
      "_first_name_hash": "19e59a84a987c54abfd434eba28d49fa2c68b2be8a5649509562bd63b886e6d5",
      "_last_name_enc": "ZmFrZV9lbmM6jxxUTKIDlEj/scNJ2jRVZujwmG8nYCfRqepcQi7lnBz/vYSI",
      "_username_enc": "ZmFrZV9lbmM6g1cd/om7Tco3iOqnDa5z3mU8wFau/Mq7xTEH6EJWEGe9d68cGq0SmwovpAWW6HmDxF3STUJ6PV8kECAZiA==",
      "_username_hash": "1ab9d2f1ae8ef6a5e99cee8948c326e3404aceb89b8d72215e297a1cfc8393a6",
      "date_joined": "2026-02-04T16:02:35.422Z",
      "dek": "ZmFrZV9lbmM6hGzSBoLIbLU4BDj32rxVFgg6uArfWek5BfmFo5ZoBjV2MhQN5m0dBvuVjzb0t6fTY5d2nMzlUcdIofrF",
      "groups": [],
      "is_active": true,
      "is_staff": false,
      "is_superuser": false,
      "last_login": null,
      "password": "pbkdf2_sha256$1000000$mCuu3Ptx9EGmKQ7FSNIqzw$dqwQK/ovljow4iGxfLIQTm8PPR8Iu5AITzQ9tVQxv9w=",
      "user_permissions": []
    }
  },
  {
    "model": "user.user",
    "pk": 10,
    "fields": {
      "_email_enc": "ZmFrZV9lbmM64e5Vzz8oKJYjbYI7+2ZF7XuH8wPevFgtQC2X5bc0pWJ5H9bETgDrFyA4sMZaU9Tg9kv+qws4haGfGTg=",
      "_email_hash": "0c92dd15cc629b84ea9436c965f944543cfedd41ced6c8f2594a26ee50cf3ea5",
      "_first_name_enc": "ZmFrZV9lbmM65SWBLZni/laQtNAl64mXA79twEZho+651VCt311rAguFzA==",
      "_first_name_hash": "d8c5aba072c365b5ad92809ffa80dd21df8a77b7b28c2bb52d8e59492dc93f30",
      "_last_name_enc": "ZmFrZV9lbmM60eUQSPe5OAsCeRt1gzrwLa7EVSar6AnRbZG3gHztcvdth8IrvA==",
      "_username_enc": "ZmFrZV9lbmM6hCfOHVID4fPRgzyP+oOM6gHabOlxDQwjLsbLuw0ngMJ1SapLlj2nC9fk48FecXELl/JXwRS1/PI5sEY=",
      "_username_hash": "0c92dd15cc629b84ea9436c965f944543cfedd41ced6c8f2594a26ee50cf3ea5",
      "date_joined": "2026-02-04T16:02:35.611Z",
      "dek": "ZmFrZV9lbmM6J4zSpKtOmn7y3Y3C6x4OVGcb+e0E+AW85tNIEZb2pSDinQqzUkft/oBWqEYTqk8llh1JDVFmia1hKBjl",
      "groups": [],
      "is_active": true,
      "is_staff": false,
      "is_superuser": false,
      "last_login": null,
      "password": "pbkdf2_sha256$1000000$isUqjEe0ZtdHC0tDFilALA$k20Gy//4APEqsGNYGa8aQPUTUBqMPKe6hI5GMIWiMnE=",
      "user_permissions": []
    }
  },
  {
    "model": "user.user",
    "pk": 11,
    "fields": {
      "_email_enc": "ZmFrZV9lbmM6Bkpg2XLc10D1UmbpVkCI0lg4MJD0zeGOfT07lzxvvkgA52wMafu63U9ylmvgukYRBJr3bWG1XLI=",
      "_email_hash": "1a93bc8026b39e9d71124c74cef2f072d4e41625ea3b12f4009f104dce962e2f",
      "_first_name_enc": "ZmFrZV9lbmM62ghGxpAhcBGTgECH3XG5lhv3/nGPelk1SYi2on3HmiQnnEs=",
      "_first_name_hash": "e63a00d61aa9887fd6e43a9a00545094b1dd9f9bfa902ee4e66bc1fe9e889bf7",
      "_last_name_enc": "ZmFrZV9lbmM6excgvA44+7Tzd9kxwsurRR0/7JddJ4ONlEhYSqS+e1XH",
      "_username_enc": "ZmFrZV9lbmM6u79RxJjXjQOn3DUiaBeGPzBlfNd5dfa4/yAAH5j3Wwnc57AflACzCpfF713nnD00CTFftFYTf9Y=",
      "_username_hash": "1a93bc8026b39e9d71124c74cef2f072d4e41625ea3b12f4009f104dce962e2f",
      "date_joined": "2026-02-04T16:02:35.803Z",
      "dek": "ZmFrZV9lbmM6RJvZthmhY//D7zh7NTsTeIBZxSsBClnGVaP30RcuabLz1xYLUNNnumUOdygscg+BDZwxu8cwTD2anSyk",
      "groups": [],
      "is_active": true,
      "is_staff": false,
      "is_superuser": false,
      "last_login": null,
      "password": "pbkdf2_sha256$1000000$mjbmbYr7G3WRyxxHlDcH6d$w1wf3D0lDP6pF3nSoTUD3vSRioCzPEloW3r8sXnLSJw=",
      "user_permissions": []
    }
  },
  {
    "model": "user.user",
    "pk": 12,
    "fields": {
      "_first_name_enc": "ZmFrZV9lbmM6kjfxs345zoTZfqKXkDHtfcIY8poSjk8VFfhMq1knz/8=",
      "_first_name_hash": "010d83330e905dd4464175fc41558206ba825a7428519c50b16b20607211ac21",
      "_last_name_enc": "ZmFrZV9lbmM6eHb/bRCUVrG5ESV5qHfbsiBvRelPu7wOHL8ci370OvxasRpm",
      "_username_enc": "ZmFrZV9lbmM6AtzaoZyVd75YQrEOaNqUxr14E2Z+9i3KJuJ0cgFi2gzAI7zw85E=",
      "_username_hash": "a1e49779f7ae17103934e74a1eea820997bea85334002ec14ffbdeaa2d626eee",
      "date_joined": "2026-02-04T16:02:35.999Z",
      "dek": "ZmFrZV9lbmM6ODiZ6w5NfOc9/9oP8JH+F0AKguKkTdwnguKY7IUw4yMv7bkTGS0ZDr6lRMeUSB2bUDAAeG/s4o4Rvbsa",
      "groups": [],
      "is_active": true,
      "is_staff": false,
      "is_superuser": false,
      "last_login": null,
      "password": "pbkdf2_sha256$1000000$qm1oQx3HNeIx6dpY1aRzXb$xMKwoqXoW6MuHqoABww+Yq+3A1uwkLbkpaWWytNu6l0=",
      "user_permissions": []
    }
  },
  {
    "model": "user.user",
    "pk": 13,
    "fields": {
      "_first_name_enc": "ZmFrZV9lbmM6BWoSB7BYxH4FxpQhkd4TvieVMj0N3sPdLhCNohLeetFyrg==",
      "_first_name_hash": "00ef09d6ae7627251b0673c48d9f00234537da9d3f38941b06726e6d902a5a66",
      "_last_name_enc": "ZmFrZV9lbmM69YjNMSfcXFg3pGr58K77NGxqGG3nV21qsO+sSnFPRvbd",
      "_username_enc": "ZmFrZV9lbmM6P8vG8taJXnEQWOdAwlh7FzalVSbQzMwdx2aku3PZK9wt99K3A9K9/g==",
      "_username_hash": "efa5e3d6015a02b88470d47080508a671bfb539b41d18e1893db820f95a228cb",
      "date_joined": "2026-02-04T16:02:36.195Z",
      "dek": "ZmFrZV9lbmM6E2af4DEGdnVy8AdysOxQWAr/XZjM1paohrFtzwcU8ErHa4Mds1bm5zK1WoPEwxqoEPD99/XZfBuw7/oa",
      "groups": [],
      "is_active": true,
      "is_staff": false,
      "is_superuser": false,
      "last_login": null,
      "password": "pbkdf2_sha256$1000000$vQZKG1iO3Np3cdOHSrG85F$QnuZLe1KvMt64uWXjz3RKOEnr6owhloxfgs3u8xB6GQ=",
      "user_permissions": []
    }
  },
  {
    "model": "user.user",
    "pk": 14,
    "fields": {
      "_first_name_enc": "ZmFrZV9lbmM663tdyyomEQ2QzpHpj3ZX8IldQVNNvwZoKn7SuywzsKUDvA==",
      "_first_name_hash": "5a012346d27f934d7196025377f84ef1c458929dfdd87419396780a4a2f5299d",
      "_last_name_enc": "ZmFrZV9lbmM6Hb+2sb0IFHydvEnx3koqRuZDYKraKhtD1gLI7XSs5hrM6g==",
      "_username_enc": "ZmFrZV9lbmM631Qr0w4wBZN1Phdldl9WY+1n3NrBZ6QUraZY4p0ZmC8v+9NnUvTvgA==",
      "_username_hash": "b154013ded73a161c8ceae084060ed319504d9a3690b569cc54d39b3e985a0bc",
      "date_joined": "2026-02-04T16:02:36.394Z",
      "dek": "ZmFrZV9lbmM6lHwaHwEAEkTsDE+w+LnUw/c/ra+TdL5/dU9xPFIW92I98HzZg50AxHu4n2lKGe/FTzNrR4uCFzFQ/+IL",
      "groups": [],
      "is_active": true,
      "is_staff": false,
      "is_superuser": false,
      "last_login": null,
      "password": "pbkdf2_sha256$1000000$iCO3IsvmN5C8rpX5J0d1ob$TFK2zYume/i4StDly6EUiqFej/sOnuzV/wYE9rgr/cg=",
      "user_permissions": []
    }
  },
  {
    "model": "user.user",
    "pk": 15,
    "fields": {
      "_first_name_enc": "ZmFrZV9lbmM6xiOckTwack87H3A7PBretwem+4On+TLQK7vQ40/0FpPNCX8=",
      "_first_name_hash": "ab51446cbc56dc4eeddc680b90f3e81311601bdcff926bd9d1fce3e0b50da6d5",
      "_last_name_enc": "ZmFrZV9lbmM69RSRhxmcba/7l7H8s49DQTlBtOLzTQUsgdggRgHLYzUELA==",
      "_username_enc": "ZmFrZV9lbmM6DPlTHgfxXTVL0L2uxDpQ+IpoVZymQQMhhSOnTnW8fCtJSV25jdQ+pRw=",
      "_username_hash": "e18c768a720dfab2514b66d44c2b0cbf54d5e28f9e68dbc0df5dfde76df02f5e",
      "date_joined": "2026-02-04T16:02:36.589Z",
      "dek": "ZmFrZV9lbmM6An/cveM3ZXcZM7QxIgYd4WK7/M3yJiWAe8Vo+pc7PL0TNogWsWByiNucIQqlmfIZARMQcJC/p3pJx1QQ",
      "groups": [],
      "is_active": true,
      "is_staff": false,
      "is_superuser": false,
      "last_login": null,
      "password": "pbkdf2_sha256$1000000$6Nhm1sHtcMbFdBitdz7nxq$s5i8H7MwdH6SRQ3+DZDDfsPtqxXVDPAC5t67G4FluM4=",
      "user_permissions": []
    }
  },
  {
    "model": "user.user",
    "pk": 16,
    "fields": {
      "_first_name_enc": "ZmFrZV9lbmM6OtOk2SsoMWAc38TD0Q41fmaYTkUR0+0nt2Rw/JuDkgb5",
      "_first_name_hash": "6b152865ddf094484e72b8277cc134df7c3a49947dc90a5438fdcf59a8e9c668",
      "_last_name_enc": "ZmFrZV9lbmM6f8mE9Wc19ubz9l+FnWRJU4dXhOwbl3Vwc2ISVdXXF4GmrbeK+AMRwdZVwDI=",
      "_username_enc": "ZmFrZV9lbmM6DDox9dauGKr9FLYT8aNae6nM84ZP0SO66osdvk/A+JR5toUdN+N/",
      "_username_hash": "9d75c6e6c5f4793504f8c8be317bb007ff69ffbc9caa0e80acfef15ee15f661b",
      "date_joined": "2026-02-04T16:02:36.792Z",
      "dek": "ZmFrZV9lbmM6VtLPjgaz4N8xsAHY6fKs7B4Q6dUNJLcu0e8i02/cbPVf+Xcx/OYE//dzmldTRcj0BEhRE5HG6EV9yJGB",
      "groups": [],
      "is_active": true,
      "is_staff": false,
      "is_superuser": false,
      "last_login": null,
      "password": "pbkdf2_sha256$1000000$FRA5lx8xBTO5Rn8J9wwZZW$KiQzLItBM40bzbwRdXpKnrI1uWXv0xsSzTMkFwAewwo=",
      "user_permissions": []
    }
  },
  {
    "model": "user.user",
    "pk": 17,
    "fields": {
      "_first_name_enc": "ZmFrZV9lbmM6j0YLTeDH49wQDBGAGGslQq+XvbkmjBOjZz/81chsQ6CgduE=",
      "_first_name_hash": "0e9530fe4c47d64bb62a31e31e730665ac69d3e8ba9f311523c20d09ea53ec70",
      "_last_name_enc": "ZmFrZV9lbmM6qqw2DvU2GxSQXO2EqczZa2U8FVS4mRcyIZoDpbhoEeI=",
      "_username_enc": "ZmFrZV9lbmM6eWftc/iNk2tjFElPm7fCJpsZ1iMQKF5L6M866R+GpcCflBTD9p+YzRI=",
      "_username_hash": "aab046dad21372920e2322ed46ad43a8574963ffd7033e1bd5a6285ad07c3b60",
      "date_joined": "2026-02-04T16:02:37.009Z",
      "dek": "ZmFrZV9lbmM6e0QkyGSRPJxtPLH/c5zTXK5jkOET732kHyRwCTpiQhiSqj3Ar80GkMDhWaXGvqx4qpDLrzZDLZftBe/8",
      "groups": [],
      "is_active": true,
      "is_staff": false,
      "is_superuser": false,
      "last_login": null,
      "password": "pbkdf2_sha256$1000000$LAQQycnLxi5rY9QCD15nHw$Ad5r4JEo5CCQrwuD2F12ajXnV/bDSL+FGQ99vM2l0/k=",
      "user_permissions": []
    }
  },
  {
    "model": "user.user",
    "pk": 18,
    "fields": {
      "_first_name_enc": "ZmFrZV9lbmM6UerbiIlXuCiufRtvMUVZ+JauFHZ3y0Fp/GZl7ISGn/o=",
      "_first_name_hash": "496b23a98c8f4f069a4ee4ed4ec498ad6b41e2ca921686339b87cdcceb9ee210",
      "_last_name_enc": "ZmFrZV9lbmM6bxT3gxf8cicQPv5nGIKLHApI/oxYN3k15TGYe4vwZec0",
      "_username_enc": "ZmFrZV9lbmM6iW7kADgeYsJU5l1soljcMXYut3ZM9ax1Xop0oYhAw87tLOln0wM=",
      "_username_hash": "f34fecd51a3f21f82a61f6577abf7b69aac0e43bb23c6ad6003ec5df6a7ed54e",
      "date_joined": "2026-02-04T16:02:37.216Z",
      "dek": "ZmFrZV9lbmM6ivzHA5Vfn50gnAP3KwRspc9mnTuE4qCr43qbCfPHpFP5D5YwNqW8OQnDdDwe/o5a9DdNJ3n85j7MpPU2",
      "groups": [],
      "is_active": true,
      "is_staff": false,
      "is_superuser": false,
      "last_login": null,
      "password": "pbkdf2_sha256$1000000$XHhBEg6yrF9a6TR487gNrU$DOR6TONr+9q0rLXJwB43UuezRcQkQAmEmoN0nYmm4do=",
      "user_permissions": []
    }
  },
  {
    "model": "user.user",
    "pk": 19,
    "fields": {
      "_first_name_enc": "ZmFrZV9lbmM609cs4YE+Kj0atwhR0SOrJyuO9vSA74sqShdgLD7KRQ+C",
      "_first_name_hash": "32b600fd12085215293ef30e867521520740cad567e21dc4c138c354d9189a1f",
      "_last_name_enc": "ZmFrZV9lbmM604sjV50gIcumJ2c/iDCvy3Siq/kVoTKllzvkyghd6A2hMoE=",
      "_username_enc": "ZmFrZV9lbmM6yFnuAvCj5RFXC8Iv+rljmAU/zzrUYIerAMmuXI/c4TFVi7+gSaGC",
      "_username_hash": "6120be5842a74a935c8d31a810ce2901fece2ab29d35d2d3fa6083b908a44434",
      "date_joined": "2026-02-04T16:02:37.413Z",
      "dek": "ZmFrZV9lbmM648Mk4GDSMJHDA77reE0u/16wjHi8ujc2YxH6XPgOWc4S85G389Y5//r/RJKhonqH7X1pTIhiUZFbHz5F",
      "groups": [],
      "is_active": true,
      "is_staff": false,
      "is_superuser": false,
      "last_login": null,
      "password": "pbkdf2_sha256$1000000$ua0WUUCFIijIjxpLdkc25v$mvl+UejCNGop0krujly8TPlMbgWPFVZ42tH+NPDltS4=",
      "user_permissions": []
    }
  },
  {
    "model": "user.user",
    "pk": 20,
    "fields": {
      "_first_name_enc": "ZmFrZV9lbmM6kEW6JpB05mjWAPE/xrxMrbFNoyD6ZBNVl+YCZI/q3+LRROg=",
      "_first_name_hash": "1dbd289e95b4925fc85eff99d7e879b2033f60182e05872f8665ff271d0d337c",
      "_last_name_enc": "ZmFrZV9lbmM6gwxaGy9/aDQWDEVUwUverJ6wmk3ohaTkvF5GYq6koNg=",
      "_username_enc": "ZmFrZV9lbmM6kUOy1ae7Y1ElSiAiDXnKIZxPkOs1saBSjmH+UCEThmkOR7lKe9Nlmza/K+mW1Slr0UutzlVaqMLU3yWT",
      "_username_hash": "daa37b0878d74480285044dccc67750ad597b99719dc7323462cbe16e0b0271d",
      "date_joined": "2026-02-04T16:02:37.614Z",
      "dek": "ZmFrZV9lbmM6Ct68dRt74lesvjRcTVtlbUlPC8xt85anig+MaarMMZAUvcFmkJmno57KkQUR8S5/o5ElV9Bpn3RDpxeS",
      "groups": [],
      "is_active": false,
      "is_staff": false,
      "is_superuser": false,
      "last_login": null,
      "password": "pbkdf2_sha256$1000000$o2AfZh0JqqIFRTZGHWEQKV$c1es5kdOakAvCGkeMVgDOX5q+rFhdQgOkMZiKAtqMrk=",
      "user_permissions": []
    }
  },
  {
    "model": "user.user",
    "pk": 21,
    "fields": {
      "_email_enc": "ZmFrZV9lbmM6v3CMqzgcHkXFUuH/E5WTE6Y1uXORrpJHu9VhYRdzAlYByeUliJUAkavcHMXo38zMc1HN92jTgwg=",
      "_email_hash": "d10b776ab1e76347e63692528b0e4e97a5e3288b5f3c918476577a96b9255463",
      "_first_name_enc": "ZmFrZV9lbmM6WI6wHI7iEIUv0n0GxIsHsV75X85C0vRUlSEmAMnBr8aQOaDLa8RN",
      "_first_name_hash": "a10cf8b1ffba3acb6bb68f941fde5b5226a0b0ab8e76390628114d73384792a7",
      "_last_name_enc": "ZmFrZV9lbmM6++cVFuCbPR0sIbZk2qM4m46PJKlZleoblSe6PWeixQl61Qk=",
      "_username_enc": "ZmFrZV9lbmM6jzxttMaup8QyTqNObb0h8Xwo1Un3ptf+BjbsOKFtTNwQ8dyEdNJLHvUa5D0ulpl85uxQzgyh898=",
      "_username_hash": "d10b776ab1e76347e63692528b0e4e97a5e3288b5f3c918476577a96b9255463",
      "date_joined": "2026-02-04T16:02:40.242Z",
      "dek": "ZmFrZV9lbmM6BoYrbuFtVkzXFPjmHBZLlD971sOH30A01sG1em/a2PlmhBmN/i1FPqXZEBXkx9GU/QG5J1EQzGQqM0A3",
      "groups": [],
      "is_active": true,
      "is_staff": false,
      "is_superuser": false,
      "last_login": null,
      "password": "pbkdf2_sha256$1000000$cv54m0PSNCQrH0MBLU56pk$nhGzkqLXL01EEtLAsoAbaWcTxuj1SOrZ7s6rBdA7eZk=",
      "user_permissions": []
    }
  }
]
